"Nashville-Davidson--Murfreesboro--Franklin Metro, TN Zillow Home Value Index - All Homes",,,,,,,,,,,,,,,,,,,,,,,,,,,,,,,,,,,,,,,,,,,,,,,,,,,,,,,,,,,,,,,,,,,,,,,,,,,,,,,,,,,,,,,,,,,,,,,,,,,,,,,,,,,,,,,,,,,,,,,,,,
Region Name,Region Type,Data Type,09/15/2009,10/15/2009,11/15/2009,12/15/2009,01/15/2010,02/15/2010,03/15/2010,04/15/2010,05/15/2010,06/15/2010,07/15/2010,08/15/2010,09/15/2010,10/15/2010,11/15/2010,12/15/2010,01/15/2011,02/15/2011,03/15/2011,04/15/2011,05/15/2011,06/15/2011,07/15/2011,08/15/2011,09/15/2011,10/15/2011,11/15/2011,12/15/2011,01/15/2012,02/15/2012,03/15/2012,04/15/2012,05/15/2012,06/15/2012,07/15/2012,08/15/2012,09/15/2012,10/15/2012,11/15/2012,12/15/2012,01/15/2013,02/15/2013,03/15/2013,04/15/2013,05/15/2013,06/15/2013,07/15/2013,08/15/2013,09/15/2013,10/15/2013,11/15/2013,12/15/2013,01/15/2014,02/15/2014,03/15/2014,04/15/2014,05/15/2014,06/15/2014,07/15/2014,08/15/2014,09/15/2014,10/15/2014,11/15/2014,12/15/2014,01/15/2015,02/15/2015,03/15/2015,04/15/2015,05/15/2015,06/15/2015,07/15/2015,08/15/2015,09/15/2015,10/15/2015,11/15/2015,12/15/2015,01/15/2016,02/15/2016,03/15/2016,04/15/2016,05/15/2016,06/15/2016,07/15/2016,08/15/2016,09/15/2016,10/15/2016,11/15/2016,12/15/2016,01/15/2017,02/15/2017,03/15/2017,04/15/2017,05/15/2017,06/15/2017,07/15/2017,08/15/2017,09/15/2017,10/15/2017,11/15/2017,12/15/2017,01/15/2018,02/15/2018,03/15/2018,04/15/2018,05/15/2018,06/15/2018,07/15/2018,08/15/2018,09/15/2018,10/15/2018,11/15/2018,12/15/2018,01/15/2019,02/15/2019,03/15/2019,04/15/2019,05/15/2019,06/15/2019,07/15/2019,08/15/2019
Nashville-Davidson--Murfreesboro--Franklin Metro,metro,All Homes,152500,152100,151900,151900,152000,152300,151700,150600,149900,149800,149400,148900,148200,147500,146800,146200,145700,145200,144600,144000,143600,143200,142800,142400,142200,142100,142200,141900,141600,141700,142000,142200,142600,143200,143700,144000,144300,144900,145300,145800,145900,146000,146600,147500,148700,149800,151000,152000,152800,153500,154100,154900,156000,156700,157400,158400,159500,160300,161100,162300,163400,164300,165300,166500,167700,168900,170100,171600,173000,174100,175500,177200,179100,181100,183000,184600,186300,187800,189500,191400,193300,195000,197100,199500,201900,203900,205900,208600,211100,213300,216000,218600,220300,222100,224100,225900,227400,229000,230700,232500,234800,237600,240100,242200,244000,245000,245800,246900,248400,250500,252500,254200,255800,257200,257300,256400,255700,255800,256300,256700
Adams,city,All Homes,160800,162800,164200,165200,166900,168400,169400,170600,172100,174800,177700,178800,177700,176500,176800,179000,180200,177400,173600,172500,173500,173300,171900,170000,169100,170300,172900,173900,174400,177300,180300,180500,179900,179700,181000,184300,187500,188400,188300,188200,186400,183500,181900,183200,185600,186900,186200,185400,185200,184400,184200,184500,184300,184700,188300,191000,190500,189500,190900,192800,193700,193800,193700,193500,193900,194900,196000,197000,197900,198000,197100,196600,196900,197600,196600,195000,195000,196000,196000,196500,197000,198000,200400,203500,205100,206600,208200,209900,211600,213700,215300,215600,215400,216100,215900,214700,214300,214700,215100,215900,218000,221100,223400,225200,227200,229200,230200,230500,231200,232900,234200,235700,237600,239400,239700,239200,239600,241200,241600,241100
Alexandria,city,All Homes,92400,92700,92900,92900,92700,92800,91300,88400,86900,87500,87400,87200,87500,87600,87500,87400,87600,87700,87700,87800,88300,88700,88900,88600,88300,87700,86700,85800,85400,84900,84400,84400,84500,84400,84400,84500,84600,84700,84700,85100,85600,85800,86600,87800,87700,87300,87800,88300,88400,88400,88500,88400,88400,88500,88600,88800,89600,90100,89700,89600,89600,89100,88900,89100,89400,89800,90300,90700,91000,91200,91600,92000,92800,93800,95300,96500,97300,98600,100200,101100,101600,102000,102400,102500,102300,102600,103500,103800,103300,103000,103500,103800,103700,103700,103800,104100,104500,105400,106200,107100,108000,108500,109200,110500,111900,112700,113500,115000,117300,119300,120400,120900,121700,122400,123200,123800,124500,125700,127400,128600
Ashland City,city,All Homes,114900,114300,113800,113600,113400,113700,113300,112000,111300,111700,112200,112500,112400,111900,110900,109500,108200,107200,106300,106000,106300,106100,105700,105700,105900,106400,107000,107200,106900,106500,106400,106600,106800,107200,107300,107200,106900,107000,107300,108400,109800,110600,110700,110700,110700,111000,111500,111600,111500,111300,110600,110500,111300,111900,112000,112300,112500,112400,112700,114200,115900,116800,117100,117100,116600,116300,116700,117500,118000,117900,118000,117900,117600,117400,117600,118400,119900,121500,122700,123100,123600,124700,125800,126300,126600,127900,129800,130500,130700,131400,132100,132600,133300,133600,133400,133800,134700,136200,138400,140200,140400,140200,140600,141700,142800,143300,144400,146400,148600,150600,152000,152700,153600,154900,157000,159000,161300,163400,164600,165100
Bell Buckle,city,All Homes,118900,119000,119200,119300,119600,119600,120000,120800,121500,121700,121500,120900,120000,118600,117600,117100,116800,116400,116200,115500,114600,113800,113100,112500,112700,113500,114000,114000,114200,114100,113300,112700,112900,113600,113900,114100,114300,114600,115000,115500,115900,116000,115900,116400,117200,118000,118600,119200,119700,119800,119800,119600,119200,119800,121700,123700,124900,126100,127200,128300,128900,129500,130500,132100,133200,133700,133500,133300,133600,134100,135000,136200,137000,137700,138700,139900,141100,142500,144000,145700,147600,149700,151900,154200,157500,160700,163000,165100,167600,169800,172000,174400,176300,177600,179000,181100,182800,183900,185400,187000,189500,193800,197600,197800,195900,194800,195000,195100,196500,198800,200700,201700,203100,203300,202900,203500,205500,206900,207900,208400
Bethpage,city,All Homes,84500,85000,85200,85500,85900,86100,85100,83800,83900,84400,83900,82800,81800,81000,80300,78700,76900,76800,78100,78600,77900,77400,76900,75100,72000,69700,69100,69600,70300,71100,72300,73400,73400,72900,73100,74400,75700,76500,77200,77200,76600,75600,75600,76700,77900,79200,80500,81700,83100,83500,82400,81600,81200,81100,80400,79600,79500,80400,81700,82700,83100,83900,84600,85100,86900,88800,89200,89500,90100,90400,90500,91300,91900,92800,94600,97400,99200,99900,101000,102100,103100,104200,105300,105600,107500,110400,112800,114900,117200,118400,119700,121800,123300,123700,124400,127000,130800,133500,135400,137800,140600,142900,144700,146500,148700,149700,150100,150000,150400,151400,153000,153100,153100,153400,152400,150400,150500,152300,154100,155200
Bon Aqua,city,All Homes,83900,83700,83700,84100,84600,84800,84700,84600,84700,85500,86600,87500,87400,86800,86100,85700,85400,85000,84900,85000,85000,84300,83000,81900,81900,82400,82900,82900,83200,84000,84700,84800,85000,86200,87400,87800,88400,89600,90200,89300,87400,85500,85000,84500,83800,83300,83600,83800,83600,83300,83300,83500,84000,84800,85500,86300,87000,87100,86900,86900,86900,87200,87700,88600,90000,91400,92000,92700,94400,96100,97200,98300,99400,99800,100000,100300,100800,100800,100700,101000,101900,102200,102300,102600,103100,103900,104900,106100,107400,109200,110800,111400,111200,111200,111700,112200,112500,112900,113300,114000,114800,115500,116200,116500,116400,116900,119300,122400,124900,126400,127600,128900,130200,130800,131700,134100,136500,136500,135100,133900
Bradyville,city,All Homes,96700,96000,95800,95800,95700,95900,95500,94100,93900,94200,93700,92600,92400,92600,91900,90200,89300,89000,88900,89400,89700,89300,89000,89000,88900,88800,88300,88400,89200,89500,89400,89700,90000,90300,90800,91300,91900,92600,93200,94300,94800,94500,94200,94500,94600,94700,95000,95700,96500,96900,97000,97700,98600,99500,100400,101400,102300,102700,103200,103800,104100,104100,104700,105100,105100,106000,107400,108700,109600,110800,111900,112900,113500,114600,116200,116600,117000,118700,119800,119600,119900,121500,122400,122800,123900,125900,127700,129600,129700,128900,129000,129600,128800,127700,127000,127200,127300,127300,128500,129600,131500,133700,135400,136700,138200,139600,142300,145500,147600,148600,149200,149600,149500,148700,147700,147200,148300,149300,149200,147900
Brentwood,city,All Homes,468300,465400,463800,462700,462800,464400,464300,461800,459700,458800,457400,456400,456400,457100,456400,454300,452000,449300,447200,446800,447600,447700,447400,447300,448200,449600,450300,449200,447000,445500,447100,450600,453500,456700,460100,461200,461300,461700,463000,464300,466100,468400,470100,471500,474100,476900,480200,485400,490200,493400,497600,502400,505500,507900,511100,514200,516500,518800,521200,523900,526600,529100,530600,532300,533500,534100,535900,539100,542100,544300,546100,547800,550600,554000,556200,558500,562600,566300,568600,572400,577800,582300,586900,592200,594900,595600,598000,603300,608500,613300,616700,616400,614100,613400,614200,614000,613900,613000,612100,613100,617000,621000,622800,625500,630100,633400,633900,635200,638600,643400,648200,652800,657000,660300,661900,661600,659000,656800,656500,656900
Burns,city,All Homes,155900,155200,154500,154200,154200,154300,154200,153900,153900,154500,155100,155800,156200,156000,155100,154200,153300,152000,151300,151300,150900,150200,150400,150400,149600,149100,148500,147000,146200,146900,147600,148000,149200,150400,150900,151400,152500,153600,154500,155300,155500,155200,155300,155600,155700,156200,156800,157000,157100,157600,158400,159500,160500,161000,161800,162900,163900,164100,164200,164200,164100,164500,166300,168000,168900,170400,171300,172000,174500,177500,178700,180500,183500,185900,186700,187600,188900,190000,191800,194300,196300,198100,200600,203300,206000,208800,211700,214300,216700,220200,221200,218600,214900,213900,214300,215200,215400,215800,216400,217700,219600,221400,224000,227300,229500,229800,230600,232500,234800,236400,237500,239200,241700,243300,244900,247200,249700,251500,253100,254000
Carthage,city,All Homes,82300,82200,82000,81800,81600,81400,81300,81200,81000,81100,81100,80800,80300,79500,78500,77500,76700,75900,75100,74600,74500,74700,74900,75100,75400,75800,76400,77200,77600,77900,78600,79200,79800,80200,80300,80400,80300,80300,80300,79800,79300,79300,79400,79300,79100,78900,79400,79700,79800,80100,80600,81000,81600,82400,83000,83400,83900,84400,84800,85200,85800,86100,86300,86800,87500,87800,88200,88800,89400,89800,90100,90400,91000,92000,92700,93700,94900,95600,96400,98000,99500,100800,101700,102300,103000,103900,104600,105500,106900,108900,110900,112500,114000,115500,116800,118000,119100,120400,121800,123400,124800,125900,126500,126500,126500,126200,126200,127400,129400,130900,132100,132300,132200,132100,131800,131200,130900,130500,131400,133000
Castalian Springs,city,All Homes,137600,138000,138400,138500,138700,139200,138600,136500,134800,134100,133600,133300,132700,131800,130700,129600,128900,128500,127700,127200,127800,128600,128500,128500,128300,127400,126300,126000,126000,125800,126400,127000,126900,126100,126000,125900,125900,126100,126600,126900,127100,127100,127800,129100,130100,131100,132300,133100,133200,133400,134400,135900,136600,137200,137300,137400,137600,138300,138600,138500,139500,141500,142500,142400,143100,144200,145400,147100,148700,149600,150300,151400,152400,153200,154000,155300,156400,157300,158300,159500,160500,161800,163800,166400,169400,172700,175600,177800,179100,179900,180900,182400,183600,184400,185300,186100,186100,186100,187200,188900,190600,192400,193500,194400,196300,198400,200000,201600,203500,205700,207800,209800,211700,213500,214400,214400,214600,215100,215900,216700
Cedar Hill,city,All Homes,122300,122100,122000,122000,122100,122500,121900,120500,119900,120700,121500,122200,122500,122100,121700,121500,121100,119700,118600,118200,118100,117900,117600,116900,116200,116100,116400,116300,116000,115900,115900,116300,116700,116200,115900,116400,117800,119000,119800,121400,123600,125300,126000,126500,126700,127400,127500,126600,125800,125600,124800,123500,122300,121700,122900,125400,127000,127500,128100,129600,131200,132800,134300,134500,133600,133000,132600,131900,131100,130900,131200,131300,130700,130500,132100,135100,138700,141700,144000,145500,147600,150200,153000,155300,157600,159700,162000,164800,167100,168600,169400,169500,170500,172700,173700,173200,172300,170500,167300,164600,164200,165200,166800,170000,174000,176300,177000,178500,180900,183400,185100,185700,185300,185700,185600,184200,181100,178500,178900,181700
Centerville,city,All Homes,70900,70700,70600,70600,70900,71100,71300,71500,71800,72300,72800,73000,73200,73200,73100,72900,73000,73200,73500,73600,73400,72900,72200,71300,70900,70800,71100,71500,71900,72400,72600,72600,72700,73500,74700,75300,75600,76200,76600,76200,74700,73200,72300,72000,72000,71900,71900,71900,71800,71500,71200,71200,71500,71900,72200,72500,72700,72800,72800,72900,73100,73500,73800,74300,75100,75800,76100,76400,77000,77500,77600,78000,78600,78800,79000,79400,79700,79800,80400,81100,81400,81700,82200,82200,82500,83300,83700,84000,84800,85700,86500,87600,88500,89000,89000,88800,88800,88800,89100,89800,90400,91400,92600,93100,92800,93100,94900,97300,99500,101300,103000,104300,105300,105800,105700,105800,106600,106800,107000,107900
Chapmansboro,city,All Homes,126800,126300,126100,126000,125900,125900,125900,125300,125200,125900,126700,127100,127000,126400,125300,124100,122900,121800,120500,120100,120200,119900,119200,118900,119000,119800,120900,121400,121200,121100,121100,121200,121300,121700,122100,122400,122500,122700,123200,124500,126500,128200,129100,129200,129100,129200,129600,129800,129900,129600,128900,128400,128600,129100,129700,130200,130800,131300,131900,133400,135500,136600,137000,137300,137000,136500,136900,138100,139300,139800,140300,140500,140900,141600,142300,143300,144800,146500,147900,149500,150900,152100,153300,154500,155200,156300,158000,158700,159100,160000,160700,161100,162200,163300,163800,164800,166200,168000,170600,173300,174500,175300,176300,176800,176700,177000,178700,180600,182200,184200,185800,187000,188500,190100,192200,194000,194900,196100,197400,198100
Charlotte,city,All Homes,87700,87500,87400,87000,86700,87000,87500,87600,87800,88100,88500,88800,89000,89000,88800,88700,88300,87500,87000,86700,86500,86400,86600,86600,86400,86300,86000,85300,84800,84900,85300,85800,86100,86100,85900,85700,85900,86400,86800,87200,87700,87900,87900,87800,87800,88300,88600,88500,88300,88200,87800,87900,88500,89100,89400,90000,90900,91700,91900,91800,91800,92100,92900,93600,94100,95400,96600,97500,99000,100800,102400,104800,107900,110900,113800,116000,116400,113500,111400,112100,113600,113300,114000,115500,116500,116800,117700,119100,120400,122600,124100,123400,121500,120800,120400,119900,119600,119200,119200,119000,120400,124100,128000,129600,130500,131600,133100,134600,136400,138200,139400,140600,142000,143200,144600,146200,147900,149600,150600,150600
Christiana,city,All Homes,132100,132300,132700,132900,133200,133600,133500,133500,134300,135300,135400,134900,134500,133900,133000,132000,131200,131300,131800,131100,129300,128000,127800,128300,128600,129000,129400,129700,129900,130000,129900,129800,129800,130100,130200,129900,129800,130200,131000,132000,132300,131700,131200,131500,132100,132500,133100,133600,133900,133800,133900,133900,134000,134500,135400,136300,137400,138500,139700,140900,141700,142500,143100,143600,144400,145400,146000,147500,149800,151400,152000,152900,154400,155800,157200,158600,159700,160300,161200,162700,164200,165400,166700,168200,170400,172400,173800,175800,178600,181300,184400,187700,190000,192000,194300,196300,198000,199400,200800,202400,204100,205700,207100,207800,208400,208600,209000,209300,210100,211700,214100,216400,218500,221000,222300,221600,220800,221400,222600,223200
College Grove,city,All Homes,269300,266400,265000,263800,261200,262600,263400,257200,250300,250000,250200,248100,244300,239300,234100,230000,229300,228600,225700,223900,227000,228500,226900,225500,226800,230100,235200,235100,232800,231600,232600,231900,225900,219400,220200,223800,223800,221500,219500,219000,217400,216600,219100,226400,235400,244500,250200,256900,266500,274800,277500,279000,277700,268800,258200,252400,249000,244900,241000,239800,241400,246400,255100,266000,274800,282900,291700,298300,302200,304400,305800,307500,309600,309600,309500,312100,315700,316800,316500,318700,324500,333700,343900,350800,356800,365800,373000,378700,386300,395200,401800,403800,404900,412000,418800,419800,416700,413100,411100,412500,423900,444500,464400,481700,497300,502300,504500,511000,517900,521200,523000,525200,529000,533600,538300,541600,541800,541300,541600,541200
Columbia,city,All Homes,113400,113100,113100,113600,114200,114300,114400,114900,115100,114700,114000,113100,112200,111800,111500,110400,109000,108000,107200,106700,107000,107200,107100,107300,108000,107800,106300,104900,103900,103400,103300,103300,103100,103000,103100,103600,104000,103900,104200,105500,106600,107100,107700,108400,108900,109100,109300,109700,109900,110100,110400,110300,109900,110300,111300,112600,113500,114500,115500,116400,116400,116800,117500,118400,119800,121300,121600,120800,120200,120600,122100,123700,125200,126400,127500,128500,129500,130100,130600,131300,132300,133400,134300,134900,136200,138500,140600,142600,144400,145400,146600,148900,151900,154800,157200,158900,160400,161600,163000,164100,165500,167600,169500,171100,172800,174100,174900,175500,177100,179700,182500,185100,187400,189800,191000,190200,188400,187000,186200,186300
Coopertown,city,All Homes,164400,164700,164800,164700,163700,163600,163900,163200,161800,162200,163400,165100,166800,167100,166300,165000,163900,162600,161400,160400,159900,158900,157900,157000,156200,155900,156400,157200,157700,157700,157300,157300,157500,157200,156800,155900,155000,155200,156700,159900,164300,168100,170200,173200,176700,178900,180000,181100,182000,182400,181900,181100,179900,178700,178600,179000,178600,178800,179500,180000,180900,182500,184100,184700,184600,185700,188000,188900,188700,188800,188900,189400,190700,192100,193300,195500,198300,198900,198400,199400,202400,206300,210600,213500,215100,216700,218800,220400,221600,222900,224400,225200,225300,224600,223700,223500,222800,220700,219100,217900,218800,222600,227500,232000,237100,241300,245400,250200,255100,258700,260800,261500,261700,260700,257800,254400,252200,251900,252400,252600
Cross Plains,city,All Homes,127400,126900,126400,126400,125500,125300,125300,124800,124000,124900,125700,126400,126600,125500,124600,124000,123100,121800,121300,121000,121200,120800,119700,118800,118300,118100,118300,118700,119000,119200,118900,118800,119000,119100,120400,122200,123700,124500,124500,124000,125300,127200,129000,130700,131700,131500,130500,129800,129200,129600,130400,131500,131700,131300,130500,130300,130600,132400,136200,140100,144100,149000,152400,153900,153400,151900,151500,152000,152600,153900,153200,150700,149900,150200,151400,153600,156800,160000,162500,163900,165200,165400,165200,165500,165600,165800,166800,167900,169000,170800,173300,176400,179800,181900,183100,184400,185400,185800,186100,186600,187700,189000,189500,190100,191400,192500,193900,196500,199300,201500,203300,204300,205200,206800,208100,207600,205900,205100,206100,207900
Culleoka,city,All Homes,117700,118000,118700,119700,120900,121300,122200,124800,126900,126600,125100,123700,123000,122700,121500,119500,118500,118400,117500,116900,117000,116800,116000,115600,115600,115300,113400,108600,102800,98900,98300,99000,99500,98700,97500,97500,98500,99000,99800,103500,107400,109800,111000,110300,109000,110100,112400,112800,112100,111600,111700,110900,109900,110300,111900,113300,114900,117100,119200,121000,122100,123200,124600,127300,130400,133100,133100,132500,132100,133700,137000,141000,143500,144800,145600,146400,146800,146800,147500,148400,148400,146400,143400,141700,142200,143900,146200,149200,151900,152200,153200,156500,161500,166200,169300,170900,172500,175100,178700,181500,184100,187100,188200,187700,187300,187000,186100,185300,185500,187200,188700,190500,193500,197000,198200,198000,197300,197600,200400,203500
Dickson,city,All Homes,108800,108500,108300,108300,108300,108300,108700,109000,109100,109300,109600,110000,110000,109900,109600,109300,108800,108000,107200,106800,106600,106600,106600,106300,105600,105100,104700,104100,104000,104300,104500,104300,104400,104700,104900,105100,105900,106600,106900,107100,107400,107700,107900,108000,108100,108100,108100,108100,108300,108400,108500,109000,110000,110900,111500,112400,113500,114400,115000,115700,116100,116700,117900,118700,118000,117100,117200,117700,118600,119500,120100,120600,121600,123100,124200,124700,125200,125500,126100,127400,128500,129600,131000,132700,134100,135500,137300,139500,141800,144300,145800,146000,145400,145600,146200,146800,147300,147900,148800,149600,150500,152000,153300,154100,154700,154900,155500,156900,158800,160200,161200,162200,163800,165700,167400,168900,170800,172700,174400,175500
Eagleville,city,All Homes,133900,132700,132100,132200,132600,132900,133800,135600,137000,137400,137600,138500,139800,140300,139500,138200,136900,137200,137200,136500,134800,132500,130200,129300,129500,131300,134400,136400,137100,136700,136500,136600,136800,136700,137200,138600,139900,139400,137600,134600,131200,128100,126100,124900,126300,130200,132800,132900,132600,132500,132200,133500,136100,138300,140300,142900,143900,144400,146200,148300,148000,147600,147800,148600,150000,152300,153700,154100,154700,155300,155100,155700,157900,161600,165400,168700,171200,172400,172600,171700,170800,171300,174500,177800,178700,179100,180500,183400,186600,190300,193900,198200,201500,204100,206000,208900,211500,212900,213700,214400,216400,220600,226300,231300,236300,238500,237400,234500,235100,238100,241900,246300,250100,251800,252000,251500,250800,250800,251400,252200
Elmwood,city,All Homes,67100,66800,66500,66300,66200,66100,66200,66300,66100,66200,66600,66400,65500,64800,64200,63400,62600,62000,61700,61900,62500,63100,63100,63300,64300,65200,66100,66900,67100,67700,68500,68900,69600,70700,71500,72500,72900,72900,72600,72700,73100,73400,73200,72700,72200,71700,71600,71600,72100,72900,73500,74300,75500,76000,76300,76700,76900,76000,75900,76600,77200,77700,78700,79300,79800,80600,81400,82200,82900,83700,84500,85000,85400,85900,86600,87500,88300,88800,89600,90500,91200,92300,93400,94200,94700,95500,95900,96200,96500,97900,99800,101200,101900,102900,102700,102700,103400,103500,102900,103800,105100,104500,104100,105400,107600,108600,109700,111200,112700,114500,116300,116700,117200,118700,119700,118700,117800,118600,119900,120000
Fairview,city,All Homes,149600,149000,149000,149400,149500,149800,150100,149600,149400,150200,150100,149700,150200,151100,150700,149000,146800,144900,143000,142100,141600,140900,140200,139500,138900,138600,138200,137700,137900,138200,138500,139300,139900,139900,140000,140000,140100,140700,141200,141000,140900,141100,142300,143900,145500,146600,147500,147700,147300,146800,147100,147700,148600,149500,149900,149800,150500,152100,154000,157200,160600,161700,162400,164800,166700,167700,168900,170300,170200,169200,168600,169000,170400,173700,177100,179400,181300,182400,183000,184300,187200,190500,193300,195500,197100,198300,199700,202800,206500,210400,214800,218300,220100,222600,227000,231200,233700,235100,237400,240600,244900,249200,251700,253100,255000,256700,257500,257900,258800,260700,262600,263800,264600,265600,266300,266000,264300,262800,262300,262400
Forest Hills,city,All Homes,658700,660200,661900,663300,665700,667600,667300,666700,668400,668200,661700,652900,646400,644700,643500,639400,634700,632900,632700,631500,627300,624800,629600,636200,636100,632500,630700,629600,626400,627300,631000,631600,631600,635900,640000,643600,648700,653700,656100,657600,659600,661400,663900,672100,682700,690100,695200,699400,701800,703000,706400,713600,720600,722300,722900,725100,728300,731300,732500,731900,732100,733200,735500,739100,744500,749400,753900,757800,762600,768400,775600,784300,794600,805500,815100,824200,831000,836500,840100,842300,846200,852200,860400,870000,879700,885400,891500,900300,910700,920500,925700,925500,926800,932300,937700,940700,943000,942800,939000,935200,937300,941400,943600,947100,946800,938900,929500,924300,923600,930600,940700,944700,944300,943700,951100,963400,968100,962400,956500,954000
Franklin,city,All Homes,309400,308100,307200,307200,307700,308500,307600,305900,305300,305100,304000,303600,303900,304300,304100,303200,302000,300400,299200,299100,300300,301300,301900,302000,302600,303200,303000,302200,301900,302000,302800,303500,303900,304400,305800,306500,306600,306500,307600,308100,307900,308700,310800,312700,314900,317700,321000,324600,328500,331900,334600,336500,337800,338900,340500,342500,344600,346900,349400,351600,353400,355600,357700,359900,361200,362900,365400,368500,370900,372800,373700,374200,374900,376000,377600,380400,384100,387000,389600,393300,397300,400300,403200,407000,410700,413300,415400,418900,422300,424800,426900,428300,428000,427600,427600,427800,428400,429200,430700,434000,439400,444300,446500,447800,449400,450800,451500,453100,455200,458100,461600,465400,468700,471800,473600,473900,473500,473900,474800,475600
Gallatin,city,All Homes,158700,159100,159600,159900,160100,160700,160600,159700,158900,158300,157800,157400,156400,154700,152800,151100,149900,149300,148600,148200,148700,149000,149100,149100,149600,150000,149900,150100,150700,150700,150900,151000,150700,150800,151000,150900,151100,151600,152300,153100,153700,154000,154000,154500,155600,157400,159500,161400,162000,161600,161100,161300,161700,162000,162000,162000,162200,162000,161500,161600,162400,163800,165500,166600,167100,168000,169500,171300,172600,173500,174300,175500,177000,178600,180400,182000,183400,184500,186200,188000,189600,191100,193100,195000,196600,198700,201000,203300,205600,207700,209700,211600,212900,214000,214800,215300,215900,216600,217600,219200,221000,222500,223700,225500,228300,231200,233500,235000,236500,238700,240900,242500,243800,245400,246300,245800,244700,244200,244100,244100
Goodlettsville,city,All Homes,152800,152700,152900,153500,154100,154600,154400,154100,154200,153900,153100,152700,152100,151400,150900,150100,149200,148900,148800,148900,149000,149100,149500,149100,148400,148100,148100,147200,145600,144800,144400,143400,142500,142300,142400,142700,143300,143400,143200,143300,143500,143300,144100,146400,148900,150900,152500,153100,153100,153000,153100,153700,155300,156900,157900,158500,159200,159500,159700,160200,161100,162000,162800,163700,164400,164800,165300,166000,167100,168200,169100,171000,173400,175700,177400,179300,180600,181800,183300,185000,186100,187200,188600,189900,190600,191200,192700,194700,196700,198200,199300,200000,201000,202700,204600,206700,209200,212000,214400,216900,220100,223000,224800,226000,226800,227700,228900,230400,232400,235400,238400,240900,242700,244500,245800,246200,246000,245900,245800,246100
Gordonsville,city,All Homes,95500,94800,94200,93700,93000,92600,92500,92400,92500,92600,92100,91400,90800,90100,89200,87900,86800,85900,85200,84500,84100,84100,84200,84400,84800,85600,86500,87800,88600,89200,89900,90300,90600,91200,91700,91800,91500,91100,90600,89900,89300,89100,89000,88900,88600,88400,88400,87800,87300,87300,87900,88900,89700,89900,90200,90700,91200,91700,92200,93000,93600,94000,94300,94200,94400,95100,95200,94700,95100,96400,97300,98200,99600,101200,101900,102300,102800,103700,104900,106700,108100,108700,109500,110700,111700,112300,113000,114400,116100,117800,119400,121100,122900,124600,126100,127800,129800,131500,132500,134300,137200,140100,142700,144900,146200,146800,148000,150100,152100,152600,153200,154400,155000,154000,152800,153100,153400,152300,151800,152900
Green Hill,city,All Homes,164700,165600,166500,167400,168000,168200,167900,167500,168100,168300,166900,165400,165100,164700,163600,162900,163200,163800,164000,164100,164200,164600,165200,165900,167000,168600,169400,169400,169100,169100,169300,169200,169200,169700,170200,169800,168400,167100,167000,167200,167100,166700,166400,166100,165600,165300,165400,165800,166300,167100,167600,167800,167500,167100,167000,167800,168900,169800,170500,171300,172100,172700,173700,175000,176900,178900,181200,184900,189500,193000,196300,199300,201300,203500,206300,208600,210200,212000,213600,215400,216800,218000,219000,219800,221200,223000,224600,226900,229800,233300,236600,238900,240200,241300,242600,244200,245400,245600,246500,248400,250000,251000,252000,252400,251900,251600,253500,257200,261700,265400,267600,269100,271000,273300,274400,273200,271700,272500,273800,274100
Greenbrier,city,All Homes,137000,137100,137300,137600,136900,136800,137000,136300,135200,135600,136100,137100,137600,137000,136200,135400,134600,133300,132200,131500,131100,130500,129800,129200,128500,128100,128200,128400,128800,129200,129200,129400,129700,129500,128900,127900,127100,126500,125900,125900,127000,128000,128500,128800,129300,130800,132300,132900,132900,133200,133600,133600,133700,133900,134500,135500,136400,135900,135300,135800,137800,140200,141800,142800,143100,143000,142900,143500,144000,145000,146200,146900,147100,147600,148700,150200,151500,152400,153300,154000,154800,155900,157300,158600,160200,162400,164900,167000,169000,171300,173200,175100,176900,177800,178900,180900,182400,183000,184100,184900,185700,186700,188100,189700,191900,193800,195100,196900,199600,202000,203600,204300,204700,206700,208600,208900,208500,209000,210500,212200
Hartsville,city,All Homes,79500,79300,79200,79100,79100,79100,78900,78700,78400,78000,77300,76600,76100,75200,73800,72400,71400,70300,69100,68300,68000,67800,67600,67600,67700,68000,68400,68800,69000,69300,69700,70000,70200,70600,71400,71900,72400,73100,73600,73800,74200,74700,75100,75500,75700,75800,75700,75400,75300,75600,75700,75900,76100,76500,77000,77300,77700,77900,78000,78000,78400,78800,79600,80400,80800,81000,81300,81400,81600,82100,82800,83500,83500,83400,83700,84500,85300,85800,86200,87000,87900,88600,89300,90300,91300,92300,93100,94300,95700,97200,98700,100700,102600,104200,105400,106500,107900,109600,111900,113800,115900,118700,121100,122200,122900,123400,124900,127500,130100,131200,131600,132100,132100,131600,131600,132100,132800,133700,134900,135900
Hendersonville,city,All Homes,197800,197900,198200,198300,197500,197400,197600,197300,196400,195900,195000,193900,192600,191400,190300,189100,188400,188300,188400,188700,189600,190100,189500,188500,188300,188100,187400,186900,186700,186100,185500,185100,184800,184600,185000,185800,186400,186800,187200,187400,187800,188700,190000,191400,193000,194700,196500,198200,199600,200500,201100,202500,204500,205900,206500,207100,207500,208100,209200,210100,210700,211700,213300,214900,216200,217100,218200,219100,219600,220300,221700,223300,224700,225800,226800,227800,228600,229900,231700,234000,236700,239000,240600,242300,244300,246500,248900,251700,253600,254700,255800,257300,258400,258600,259500,261400,263500,265600,268000,270600,272800,274200,274800,275300,276800,279300,281300,282000,282600,284200,285800,286700,287800,289100,290000,290500,290300,290000,289800,289600
Kingston Springs,city,All Homes,171100,170300,169700,169400,169400,169800,169100,167700,167500,168600,169500,170300,170400,169700,168200,166500,164900,163200,161400,160700,160800,160500,160000,159800,160000,160800,162300,162500,161300,160500,160300,160100,160000,160200,160200,160800,161200,161100,161400,163100,165300,167100,168500,169000,169000,169100,169300,168800,168200,168000,167700,167500,168300,169800,171200,172300,172700,172600,173100,175200,178000,179900,180400,180400,180300,180300,181100,182500,183400,184300,185100,185100,185200,186300,187600,188800,190800,193300,195000,196200,197400,198500,199800,200800,201400,202500,204300,205600,206200,206700,207500,208900,210600,212100,212700,214200,216500,218400,221200,224600,226100,225700,225700,226200,227200,228800,231700,234500,237200,240000,242100,243800,245900,248200,251400,254700,256900,258800,260700,261600
La Vergne,city,All Homes,116200,115300,114500,114000,113400,113400,113300,112700,112100,111800,111500,111300,111300,110900,110400,109800,109100,108400,107700,106900,105800,104800,103300,101500,100100,99400,99200,98700,98200,98200,98200,98100,98300,98800,99600,100800,102200,103600,104600,105200,105600,106100,106800,107800,109100,110200,110900,111700,112100,112500,113400,114900,116300,117100,117800,118700,119900,121200,122500,123600,124500,125400,126400,127100,128000,128800,129500,130500,131700,132700,133800,135100,136300,136800,137400,138500,139300,140200,141600,143200,144900,147000,149700,152300,154600,156900,158700,160400,162400,164300,166100,167700,168500,169400,170900,172700,174600,176700,178500,180300,182900,186000,188800,191200,193100,194000,194500,195300,196800,198700,200600,202500,204400,205200,205500,205500,205600,206000,206200,205600
Lafayette,city,All Homes,71800,71600,71800,72100,72300,72000,72300,73300,73900,74000,74300,74800,75500,75300,74000,72600,72000,71700,71600,71400,71500,71800,72000,72200,72400,72800,73200,73500,73600,73800,73600,73400,73300,73500,73500,73800,74300,74600,74700,74800,75100,75500,75700,75400,75300,75500,75800,76100,76300,76300,76500,76700,76900,76900,76900,77200,77500,77700,77400,76800,76700,77300,78000,78500,79300,79700,80300,81200,81800,82100,82500,82600,82500,82600,83100,83700,84300,85000,85700,86400,87200,88300,89300,90200,91100,92300,93800,95000,96300,97900,99800,101200,102400,103700,105100,106200,106900,107700,108800,109900,110600,111000,110900,110700,110400,109600,109600,111000,112300,112800,113600,114600,114800,114700,114900,115700,116800,118800,120800,121800
Lascassas,city,All Homes,157200,156600,156000,155600,155700,156100,155200,153600,152400,151900,150400,149300,149100,149100,148100,147000,145900,144900,144000,142700,141100,140200,140400,140600,140800,142000,144000,145500,146000,146200,146700,147700,148600,149100,149200,148600,147900,147500,147500,147400,147200,147300,147800,149200,151200,152700,153800,155000,156100,156600,156700,157300,158300,159300,159800,160300,161100,162400,163500,164600,166100,167700,168800,169900,171000,171900,172900,174200,175700,177500,180200,183300,185800,187700,189700,191700,192700,193100,194000,196400,199000,201800,204300,206400,207900,209400,210100,210600,212000,214100,216400,218900,221300,223700,227500,232700,237800,241400,245400,249700,256100,263300,271300,276600,279500,278400,274800,270200,267300,265700,266300,269100,272100,274800,276300,276200,274000,272000,271300,271800
Lebanon,city,All Homes,156700,156200,155900,155600,155400,155400,154600,153200,152200,152000,151800,151900,152000,151800,151300,150800,150700,151400,152100,151800,150100,148400,146800,145200,144000,143200,142300,142300,143000,143500,143500,143600,144400,145800,147000,147300,148000,149000,150300,150700,150600,150300,150200,150600,151600,152500,153200,154100,155000,155800,156900,158200,159100,159600,160300,161400,162600,163700,164900,166200,167400,168300,169300,170500,171700,172700,173400,174500,175800,176800,178000,179600,181100,182400,183800,185200,186200,186900,188300,190700,192800,194600,196500,198400,200200,202500,204500,206500,208700,211200,214000,217200,219600,221000,222100,223900,225600,226900,228400,229600,230900,232800,235000,236200,237100,238000,239200,240200,241600,243400,244600,245500,246800,248400,249000,249000,249100,250500,252600,254100
Liberty,city,All Homes,92200,92300,92400,92600,92700,93200,92000,89600,88200,88800,89000,89000,88800,88900,88500,88100,88100,88000,87800,87700,88200,88800,89400,90000,90300,89900,89500,89400,88900,87900,87200,87000,86900,87100,87700,87900,88000,88300,88600,88600,89300,90600,92000,92900,93200,93300,93400,93900,94400,94700,95300,96100,96500,96500,97100,98400,99500,99400,99100,99100,99200,99600,100000,100300,100300,100200,100700,101800,102500,103400,104400,104800,105400,106600,108200,109500,111100,113500,116000,117400,118100,119100,120700,121500,122300,123400,124300,125000,124800,124000,124000,125200,126200,125200,123800,124700,126500,127800,129600,131200,132800,135000,136700,138200,140000,142100,143500,144700,146000,147100,148200,149800,152100,154000,154700,154900,155800,158700,162300,164700
Lyles,city,All Homes,69900,69500,69200,69200,69300,69500,69600,69600,69800,70500,71100,71600,71900,71700,70800,70000,69900,70000,70100,70100,70000,69500,68300,67200,67400,68200,68900,69300,69700,69800,70000,70400,70700,71000,72000,72600,72400,72500,73000,72300,70500,69300,69000,68800,68700,68600,68500,68300,68100,68000,67800,68000,68400,68600,68600,68900,68900,68600,68600,69200,69900,70200,70300,70600,71200,72000,72200,72400,73000,73600,73900,74100,74500,74700,75100,75800,76400,76700,77200,77800,78200,78600,79100,79800,80200,80600,81400,82400,83400,84500,85600,86900,88500,90200,91200,91600,91600,91600,91900,92400,93000,94000,94500,94300,93800,93600,94000,95100,96400,97500,98500,99600,100600,101000,101200,101600,102000,102500,103300,103900
Millersville,city,All Homes,137300,137500,137400,136900,135600,135400,135700,134800,133400,132900,132500,132600,132300,131300,129900,128200,126900,126400,126500,126900,127300,127900,130600,133900,135200,135100,135300,135700,136300,136200,135100,133900,133400,132900,131100,127700,124900,124100,124200,124300,124600,124700,124400,124300,124900,125900,127100,128400,129200,129100,128700,129200,129800,129800,130100,131100,131600,131900,132200,132600,133600,135500,137200,138300,139400,140600,141500,142200,143100,143900,144200,144900,146500,148000,148900,150000,151000,152100,153300,154400,155400,156200,157500,159200,160900,162200,163700,165600,167300,168200,169400,171800,174300,176300,176500,175900,176000,177300,178400,179300,179900,181200,182400,183300,184400,185400,186900,188700,190900,193400,196200,198300,200200,202100,204700,206400,206200,205000,205200,206200
Milton,city,All Homes,185300,182600,180200,178300,175500,175800,173100,166000,161000,161100,157900,155800,159700,164800,163900,158700,154100,152200,153600,155800,156000,156400,157900,159400,158500,156700,158200,165100,171400,170500,166900,166300,166800,165400,163500,162200,162200,164000,166700,167000,164200,162000,163300,166700,169600,172100,175500,177200,175100,171200,167900,167200,169600,171800,172500,173400,174500,174000,173800,174600,176900,178600,179800,181500,184300,187500,189400,189800,191000,193500,196300,198800,200100,201500,204400,206000,205400,206200,208500,210100,209900,210700,213200,214300,215000,217300,219100,219000,220800,224200,228200,233100,240800,248800,256000,263000,269700,274300,278500,281500,285100,290000,294700,297800,301900,301900,295900,291700,292000,292300,292500,295900,301800,308400,312600,313600,311000,308300,308500,310000
Mount Juliet,city,All Homes,204100,203500,202900,202600,202700,203100,202900,202400,202400,202000,200800,199800,199100,198800,199400,200400,201400,202200,202300,201800,200500,199200,198100,196800,195800,195300,194700,193700,192600,191900,191700,191600,192100,193100,193800,194500,195500,196100,196500,197100,197400,197400,197600,198500,199700,201100,202500,203700,204600,205500,206700,207700,208900,210400,212500,215000,217300,219000,220600,222000,223100,224500,226100,227700,229200,230400,231200,232100,233400,235300,237400,239400,241400,243400,245200,247200,249500,251000,252100,254000,256400,258000,259300,260900,262600,264400,266000,267800,270200,273200,276500,279000,280300,281800,284100,286600,288900,290900,292300,293000,293800,295500,297600,299300,300800,301800,303200,305300,307600,309500,311100,313000,315100,316600,317300,316700,315600,315400,315500,315200
Mount Pleasant,city,All Homes,68800,68700,68900,69300,70200,70700,71200,72500,73200,72800,72800,72000,69700,67500,67000,67000,66900,67000,66900,66600,67200,68400,68400,68300,68800,68800,66500,63200,60900,59500,58600,58700,59000,58800,59300,60700,62300,63500,64600,65500,65900,66200,66500,66300,66300,67300,68100,68700,69100,69300,69200,69900,71000,71900,72200,72300,72800,73500,73500,72700,72300,72800,73700,74200,73900,73800,74000,74000,73500,73000,73600,75300,76800,77600,79100,80500,81100,80700,80900,82200,83200,83500,84200,84400,84300,84500,85600,87200,89000,90100,91600,93000,93900,95300,96600,98400,101500,105000,107100,108600,110700,113500,115200,115700,115800,115400,114200,113400,112800,112200,112500,114200,116100,118400,120100,120300,120100,120500,120800,121000
Murfreesboro,city,All Homes,149100,148800,148500,148300,148400,148700,148100,146900,146400,146500,146000,145100,144300,143800,143300,142800,142100,141300,140700,140300,139900,139400,139200,139300,139300,139800,140600,140700,140500,140800,141100,141400,142100,142800,143300,143600,144200,144400,144500,144900,144900,144300,144200,144500,144900,145900,146900,147500,148200,149000,149700,150600,151700,152900,154000,154900,155800,156600,157400,158500,159300,160000,160800,161700,162700,163900,165000,166300,167800,169100,170700,172900,174400,175200,176100,177500,178700,179900,181400,183100,184500,186100,187700,189300,191100,193300,194900,196300,197900,200100,202800,205600,207300,208600,210400,212500,214300,215900,217800,220100,223000,225800,228300,229900,231100,231600,231800,232100,233700,235700,237800,239800,241500,242600,243100,243400,243700,244100,244000,243600
Nashville,city,All Homes,146800,146600,146400,146500,146800,147200,146300,144800,144100,143800,142800,141400,140300,139600,139000,137900,137100,136600,136400,136100,135600,135000,135100,135200,134400,133800,133700,133500,133100,133400,133800,133800,134100,134600,135100,135500,136500,137400,137900,138600,139000,139300,140100,141500,143100,144700,145700,146800,147800,148800,149400,150300,151000,151400,152100,153400,154500,155500,156700,157900,159000,160000,161400,163100,164600,166000,167900,169900,172000,174000,176000,178500,181300,184100,186700,189200,191300,193400,195900,198500,200800,203000,205600,208000,210200,212300,214600,217700,220900,223200,225500,228200,230100,231800,233900,235900,237700,239200,240300,241800,244900,248500,251000,252800,254400,255300,256000,257200,258900,261200,262800,264200,266000,267400,266700,264700,263400,263200,263200,263300
Nolensville,city,All Homes,284900,283300,282100,280800,281000,283300,283400,280800,279500,279700,279200,279400,279900,280900,281800,281600,280700,278600,276400,276300,277900,278300,277900,277200,276900,277200,277900,277500,276100,273600,269900,267500,267400,269200,271700,274500,276400,277000,277000,275200,272000,271300,275600,281100,286500,290700,293400,296200,299600,302600,305700,309500,312600,314200,314400,314300,314800,316500,318300,319700,321000,322600,324000,326500,329100,330500,332100,333700,333800,333800,334700,335500,336800,338600,340400,342900,346800,350600,353900,357100,360300,362900,365700,368700,371000,372500,374200,378000,383600,390000,396400,402400,407000,410600,413000,413900,414700,415400,415800,417300,421300,426000,429200,430200,428300,424500,422200,421900,422200,423100,425200,428000,430300,432000,433500,434600,434200,433800,434300,435100
Nunnelly,city,All Homes,21100,21400,21700,21900,22100,22300,22500,22500,22300,22400,22600,22700,22900,22900,22800,22700,22700,22600,22600,22900,23500,23500,23100,22800,22900,23300,24000,24100,24100,24300,24200,24000,23800,24000,24300,24700,24800,24600,24500,24200,23700,23200,22900,22600,22300,22100,22300,22400,22000,21400,20800,20800,21100,21300,21800,22200,22500,22500,22400,22300,22300,22600,22900,23200,23600,24000,24000,23900,23800,23900,24300,24500,24400,24600,25000,25400,25500,25500,25500,25600,26000,26300,26400,26100,26200,26200,25900,25400,25100,25400,25800,25900,25900,25800,25700,25900,26200,26400,26600,26700,26800,26800,26800,26500,25700,24800,24400,24300,24800,25600,26100,26200,26100,25800,25400,25600,26700,28000,28800,29200
Oak Hill,city,All Homes,494100,494600,495300,496600,497900,498400,497400,496300,496300,495800,492300,490200,490200,487700,482000,477700,474500,471100,468500,465300,458700,448600,439600,433000,427200,422300,419800,417200,414100,412800,412700,412700,414300,417600,420800,423200,427500,434400,441000,444300,447800,451500,454200,456200,460200,465800,472200,476600,478600,481000,483800,486500,488200,489700,492600,496800,500400,505400,510900,513900,514600,516300,521300,527500,532700,537900,542500,546300,551700,557400,560500,565100,574200,586800,599200,608300,613400,619800,626900,632300,638900,647800,660900,675100,684200,684700,683900,687000,690200,688000,687800,692400,695600,702500,712400,719000,725700,730200,727600,724800,729900,737800,743600,750800,756200,752900,744800,745300,749000,752400,754800,762500,775800,788400,797900,806000,809000,802600,794500,789600
Orlinda,city,All Homes,117800,117600,117200,116600,116600,117100,116800,115700,115400,116800,118100,118800,118900,118700,118000,117600,117000,116300,115300,114600,114300,113900,112600,111300,110800,111000,111600,112200,112200,111700,111100,111100,111200,111400,113300,114300,112500,109900,110400,111500,111800,113500,117900,122000,124100,124900,124800,125400,126800,128200,129000,129900,130800,130400,128800,128600,129400,129400,130600,133100,135900,137800,138000,136600,135200,134100,132800,130500,129200,130600,131300,130900,130900,131500,132400,135200,139600,144300,148400,151900,154000,155100,155700,156000,157400,159900,162300,164000,165700,167100,168400,170200,172700,174500,175300,176000,177600,178700,178300,178400,179400,180100,180600,181700,183300,185500,188000,190500,193600,196900,199800,201500,201400,201800,202700,203700,202900,200900,199800,200800
Pegram,city,All Homes,178000,177100,176300,175900,175700,176000,175400,174000,173400,174100,174700,175000,174900,174300,173100,171600,170200,168600,167100,166800,167200,166800,166100,166200,166700,167600,168800,169300,168900,168200,168200,168200,167700,167500,167700,167900,168100,168100,168500,170100,172100,173900,175300,175900,176100,176700,177300,177100,176400,175600,174900,174700,175200,176200,176900,177200,177600,177800,178500,180700,183200,184800,185500,185500,184800,184300,184800,186200,187500,188400,189600,190600,191600,192600,192800,193500,195700,198300,200800,203400,205100,206300,207400,207600,207600,209200,211800,213400,213900,214700,215700,216600,218500,220200,220900,222200,224500,226800,230000,233500,235400,235500,235200,234800,235300,236800,239200,241400,244100,247200,249900,252100,254300,256800,260200,262800,264200,265400,266900,268000
Pleasant Shade,city,All Homes,67900,68100,68400,68700,68900,69000,69100,69100,68800,68700,68500,68600,68700,68200,67500,66900,66300,65900,65600,65300,66000,67000,67400,67700,68300,69100,70000,70800,71100,71300,71800,72600,73000,73100,73600,74300,74400,74500,74500,74500,74400,74200,74100,74100,74400,74900,75400,75600,75600,75800,76000,76700,78300,79100,79300,80000,80400,80200,80500,80600,80500,80900,81400,81500,81700,82300,82800,83200,83600,84100,84400,84600,85000,85600,85300,84500,84400,85400,86800,87800,88200,89300,90700,91800,92300,92700,93500,95100,96400,97300,98600,100200,101500,102200,102200,102800,103900,105000,106500,108500,110600,112800,114500,115500,116400,115600,114700,115500,117400,118400,118900,118700,118100,117300,115800,113800,113300,114600,116000,116400
Pleasant View,city,All Homes,161800,160900,160100,159600,159600,160000,159800,159200,159200,160000,160500,160800,160700,160200,159000,157300,155800,154500,153100,152900,153500,153500,152900,152700,153100,154000,155200,155900,155500,154500,154100,153900,153800,154700,155800,156800,156900,156500,156800,158200,159900,161500,163000,163700,164200,164700,165300,165200,164900,164500,164100,163600,164000,164900,165900,166500,166600,166400,166800,168600,171100,172900,173700,174100,174400,174400,175000,176500,177600,178200,178700,179100,179300,179900,180200,181000,182800,184900,186100,187100,188000,189000,190200,191100,192000,193700,195900,197100,197700,198500,199400,200400,201900,202900,203300,204400,206200,208000,211000,214100,215900,216900,217900,218500,219200,220500,222800,224900,227300,230600,233300,234900,236300,238000,240300,242800,244800,246600,247800,248200
Portland,city,All Homes,106200,106300,106200,106400,105600,105200,105100,104600,103600,103400,103000,102700,102400,101400,100200,98900,98600,98400,98100,97800,97600,97000,96400,95800,94900,94500,94700,95400,96500,97500,98100,98400,98600,98800,98800,98700,98800,99100,99600,99300,98200,97300,97300,97900,98700,99700,101000,102800,104000,104500,104800,105600,106500,107000,107100,107500,108100,108000,107400,107200,107300,107800,108800,109500,109800,110600,111900,113300,115000,116700,118400,119900,121200,122400,123500,125000,126400,127400,128400,129400,130300,131500,133000,134400,135600,136500,137500,138900,140600,141900,143500,145300,146600,147300,147900,148600,149800,151200,152100,153300,155300,157400,158300,159100,160600,162400,163500,164200,165800,168500,171200,172600,173100,173600,173500,172500,171700,172500,173900,175100
Readyville,city,All Homes,139100,139300,139700,139000,138800,140000,138900,134800,132500,133000,132100,129800,128800,128500,126800,125200,124000,122100,120700,120100,119300,118100,118200,120000,121800,123300,125700,127800,128700,129900,132000,134600,135500,134700,133400,132900,133100,132600,130900,127500,124500,121900,119400,119100,119700,119400,119400,120100,119000,117600,118000,119700,120300,121300,123300,124200,124600,126400,128800,130600,131800,132600,133100,134200,136000,137500,137900,137300,138000,139300,139600,139100,139900,141700,143600,146100,149600,152400,153400,153800,152600,151500,150500,149300,148500,149500,149900,151300,155500,160100,165700,173300,180800,185600,191000,197500,202900,205800,209000,212200,212900,211700,210400,210300,212200,213100,211500,210200,211300,211700,213100,214000,213800,214300,216500,216300,215300,217500,221400,222600
Red Boiling Springs,city,All Homes,52000,51800,51700,51800,51800,51700,52100,52800,53200,53200,53300,53300,53500,53500,53000,52300,52000,52000,51900,51800,52100,52300,52400,52600,52700,52900,53100,53100,53200,53200,52900,52400,52100,52100,52300,52600,53000,53100,52900,52800,52800,52900,53000,53200,53300,53200,53100,53200,53300,53600,54000,54200,54300,54400,54400,54500,54800,55500,55800,55600,55200,55200,55500,56000,56400,57000,57400,57900,58100,58000,57900,58400,58700,59100,59600,60100,60100,60600,61000,60900,60600,60700,61000,61100,61400,62200,63200,64100,64900,66100,67500,68700,69200,69200,69400,69900,70600,71100,71300,71700,71800,70800,70300,70800,71600,71600,71500,71600,72100,71700,71300,71600,72300,72200,72200,72600,74100,77200,80800,82800
Rockvale,city,All Homes,158800,158800,158600,158400,158300,158400,157800,156800,156300,155800,154900,153900,153100,152400,151800,151400,151100,150800,150200,149100,147900,146800,145700,145000,144600,145100,146000,146600,147400,147900,147300,147000,148100,149300,150000,150500,150900,150800,150700,151000,150900,150100,150300,151500,152400,153100,154500,156200,157100,157600,158100,158600,158800,159400,160600,161900,163000,164100,165500,166700,167600,168600,169800,171000,172200,173500,175100,177000,179000,181300,183700,185100,185800,187200,189000,190100,191100,192800,194700,196200,197700,199500,201500,204200,207300,209900,211700,214400,217700,220600,223400,226300,228400,230400,232000,233200,234400,235700,236700,237500,239100,242100,245500,247200,247900,247200,246500,247400,250300,253400,256000,258100,260300,261600,262100,262200,262100,262000,262300,262700
Santa Fe,city,All Homes,,,,,,,,,,,,,,,,,,,,,,,,,,,,,123600,125800,125000,123800,124600,125700,125500,125700,125300,120200,112100,106300,102100,100800,102800,101500,97600,94100,91600,90700,93000,95500,97900,98900,99900,99600,97500,96300,96500,98700,103000,105400,102200,101400,102300,104200,107600,112500,114600,117800,121700,124900,127000,128800,131800,136000,139800,142300,141200,139100,140100,141200,140700,142900,146800,149400,152200,154400,155700,159200,167200,172700,172500,170200,174200,181700,183800,186000,197100,207600,207500,206700,212400,221400,228800,237900,249200,255100,256400,254100,246700,237100,232800,226900,221600,222600,224500,220300,213900,208400,208800,215200
Smyrna,city,All Homes,142900,142600,142300,141800,141300,141200,141100,140500,140000,139600,139000,138300,137400,136300,135100,134300,133900,133300,132600,131600,130600,129800,129200,128700,128500,128900,129800,130600,131000,131000,131100,131800,132800,133300,133200,133200,134000,134700,135100,135500,135900,136200,136200,136400,136500,137100,137700,138200,138200,138300,138600,139100,139200,139600,140500,141700,142800,144100,145600,146900,147800,148600,149500,150400,151700,153200,154300,155600,157000,158100,159200,160600,162000,163100,164300,165600,166700,168000,169700,171000,172000,173300,175100,176900,178500,179900,180800,181400,182400,183800,185500,187500,189100,190600,192400,195000,197800,200300,202800,205200,207900,211000,213800,215500,216900,217900,218400,219000,220700,223000,225300,227500,229300,230200,230700,231200,231700,232700,233900,234500
South Carthage,city,All Homes,88200,87300,86500,85700,85300,85200,85300,85500,85300,84500,83800,83300,82400,81300,80300,79600,78800,77800,77000,76500,76300,76500,77200,78200,78700,78700,79200,80000,80300,81100,82400,83100,83100,83400,83400,82700,82400,82900,82900,82300,81700,81700,81600,81400,81500,82000,82100,81800,81800,82300,82400,82300,82400,82700,82900,83200,83200,83000,83000,83800,84700,84900,84800,85400,86500,87300,87400,87600,88400,89200,89800,90200,90900,91800,92800,94200,96000,96700,97000,97900,99400,100000,101100,102800,103800,104200,105300,106500,107700,108500,109500,111400,112800,114300,116200,117600,117700,119100,120900,122200,122300,122300,122500,122700,122900,122600,122600,124000,126700,128000,127900,127100,126600,126500,126700,125900,125300,125600,125400,124500
Spring Hill,city,All Homes,178600,178500,178600,178800,179300,180100,180300,179700,179300,179300,178500,177100,175800,175200,174800,174200,173200,172000,171200,171000,170900,169900,168800,168200,168300,168600,168400,168000,167800,168000,168400,169000,169700,170600,171800,173000,174000,174300,173900,174100,174800,175600,176600,177800,179000,180100,180800,181400,182100,183200,185000,186800,188000,189100,190600,191800,192800,194200,196100,198200,200000,201500,202900,204400,205700,207000,208200,210300,212300,214100,215700,217400,218700,220100,221900,223700,225400,226900,228100,229200,230800,232900,235000,237300,240100,243200,246300,249100,251400,253000,255100,257600,260000,261600,262800,264100,265200,265800,266500,267400,268700,270400,271100,271500,272000,272800,273700,274500,275500,276900,277600,278600,281000,283800,285500,285400,284500,283900,284200,284500
Springfield,city,All Homes,117100,117100,117000,116900,116400,116400,116500,116100,115700,116400,116900,117300,117400,117000,116300,115900,115300,114200,113200,112600,112700,112500,112000,111300,110300,109800,110000,110200,110200,109700,109600,109900,110100,109900,109100,107600,107300,107500,107200,107400,108200,108900,109000,109000,108100,106900,106800,108100,108800,109600,110900,111500,111400,111400,111500,111800,112500,113300,114200,115300,116400,117000,117200,117400,118200,119300,120100,120800,121700,122900,123900,124500,125100,125500,126200,127400,129000,130300,131400,132700,134500,136600,138100,139000,140200,142000,143800,145300,146400,147300,148300,149500,150600,151700,152900,153900,154200,153900,154100,154800,156100,157700,159500,161200,163000,164300,165400,167000,169700,172300,173900,174200,174300,175300,176700,176800,176000,174900,174600,175000
Thompsons Station,city,All Homes,225100,224600,224200,224400,224800,225500,224300,222000,220900,220500,218900,217100,216200,215500,214200,212300,210700,209000,207600,206400,205800,205800,206300,206800,207500,208300,209900,210700,210300,210400,212100,213700,213600,213400,214500,215700,216000,216400,216700,217200,217700,218700,220300,222900,226800,230800,233900,236200,238800,242000,244800,246300,248200,250200,250700,250600,251000,251800,253200,255000,256500,258500,260500,262000,262600,263100,265100,268400,271300,272600,273100,274300,275900,276200,276400,277900,280400,282600,284200,286500,289500,291600,292700,294400,296300,298000,299900,303800,307800,310500,313200,315700,317600,320200,323700,326400,329000,331100,333000,336400,341500,346100,348000,348500,349200,349900,349800,349800,350200,350500,351000,352200,353300,354400,355500,356000,355100,354300,354200,354400
Vanleer,city,All Homes,71500,71600,72000,72500,73000,73100,73300,73300,72700,72400,72400,72000,72000,72400,71400,70000,69800,69700,69300,69400,70200,70800,70900,70800,70100,69200,69100,68500,67600,68800,70600,71100,71000,71200,71200,71600,72700,74100,74900,75600,76200,76500,76600,76900,77600,78700,79500,79500,79300,79400,80000,80900,81800,82400,82200,82000,83100,84300,84300,84100,84400,85400,86600,87600,88000,87200,87100,87500,86300,83500,82900,84000,85300,85900,86700,88100,89600,91600,94300,97700,100400,102500,104700,106400,107100,107400,108300,109300,109600,108600,107300,107000,107500,107700,108500,110000,111300,111900,112300,113100,114100,116400,118500,119100,119700,120400,120700,121700,123700,124800,124900,124900,126000,127500,128600,130000,130700,131800,133400,134300
Watertown,city,All Homes,115500,113600,111800,110600,109100,108600,107100,104300,101700,100900,98500,95500,94100,95800,98800,99400,98200,97500,97400,95300,92300,90800,91100,92500,93400,92300,89800,88500,88400,87500,87000,88100,90400,92000,93000,93500,94500,94800,94400,94300,95500,98100,100200,100700,100100,99900,102200,107100,109900,110100,110500,111600,111600,110100,109100,111300,115500,117400,116100,113400,112200,114000,117600,121400,125600,128500,129500,130000,131000,131600,131300,130700,131200,131800,131400,130900,130900,131900,133800,136100,138300,141200,145200,148900,151200,152600,154000,155200,156400,157600,159400,160600,160500,161100,161900,161800,161900,162500,163400,164600,165900,167500,169700,171300,171700,171500,173000,175300,177900,181800,185700,188100,190300,193000,195500,197900,198600,198500,198500,198500
Westmoreland,city,All Homes,61900,61100,60300,59800,59500,59400,58700,58800,60200,61900,62200,61800,61400,61200,60800,60100,59400,59200,59800,60100,59500,59300,60000,60100,59900,59900,59800,60000,60800,61500,61900,62100,61800,61000,60300,60300,60500,60500,60300,59800,58500,57200,56400,56200,56300,56500,56600,56800,57000,57300,57600,58000,58800,60000,61400,62500,63400,64000,64800,66400,67800,68300,68700,69600,70600,71300,71400,70700,70000,69500,69400,69500,69600,70200,71200,72600,74000,74600,75200,77300,80100,82800,84300,84500,84700,86100,88000,89900,90800,91100,91200,91000,90900,91700,93900,97300,100400,102800,104400,106200,108700,111400,113200,113000,112500,112400,111800,110800,111300,112400,113500,113500,113300,114200,115900,117000,118200,119300,120500,121700
White Bluff,city,All Homes,110500,110300,110200,110300,110500,110900,111000,111100,111400,112000,112500,113000,113200,113100,112700,112400,112200,111900,111800,111500,110900,110400,110200,109800,109300,108800,108100,107500,107600,108100,108300,108500,108800,109100,109200,109600,110200,110900,111700,112100,112000,111800,111900,112300,112600,112600,112600,112700,112700,112500,112600,113100,114000,114700,115300,116000,116900,118000,119100,119600,119900,120700,122200,122600,122400,123500,124800,125400,126700,128200,128900,129500,130300,131200,131800,132100,131700,130400,129800,130800,132400,133700,135000,136700,138200,139700,141000,142700,145200,148400,150200,149500,147300,146100,146100,146500,147100,147600,148300,149500,150600,151000,151700,152700,153700,154200,154900,155800,157500,159200,160700,162200,164000,165900,168000,170600,172800,174600,176100,177200
White House,city,All Homes,154200,154000,154000,154000,154100,154500,153900,152500,151700,151900,151800,151900,151500,150700,149800,148700,147700,146800,146400,146300,146500,146800,146600,145900,145100,144500,144400,144700,144800,144600,144600,144900,144900,144600,144300,144200,144400,144700,144800,145100,145900,146500,147100,148400,149600,150400,151700,153200,154500,155200,155500,156000,157000,157600,157800,157800,157700,157900,158600,159300,160200,161800,163100,163600,163600,163900,164500,165400,166200,167400,168400,169100,169700,170700,171900,173900,175900,177400,178800,180600,182600,184200,185200,186600,188400,190200,191500,192700,194000,195500,197100,198300,199700,201300,203400,205800,208300,210300,212600,214500,216300,218600,220600,221400,222000,222200,222400,223000,224300,225800,227500,228900,229800,230900,232100,232800,233200,233900,234600,235200
Woodbury,city,All Homes,96600,95600,95000,94300,93900,94600,94300,92500,91300,91400,91300,91400,91500,91600,91100,90300,89500,88800,88300,88100,88100,88600,88900,88500,88200,88300,88500,88700,88900,89000,88900,89000,89600,90100,90300,90500,91100,91600,92200,92900,93400,93500,94000,94800,95000,94700,95100,95900,96000,95500,95200,95400,95700,95800,96300,97400,97900,97800,97800,98000,98200,98400,98700,99200,99400,99700,100400,101200,102000,102800,103500,103700,104100,105100,105900,106600,107800,109300,110300,111200,112200,113300,114500,115900,117900,119600,120100,120200,120800,122200,123700,125400,126600,126900,126900,127600,128100,128700,130700,132800,134200,135000,136000,137400,138500,138100,138100,139300,140700,141600,142400,143700,144900,145300,144100,141900,141200,142600,144200,144900
